id,x,y
"1",131.7304593070,13.4488315874
"2",136.6800966962,32.2320709106
"3",114.9778404512,37.5624496374
"4",94.9254633360,27.6631748590
"5",110.0282030620,16.7485898469
