id,x,y
"1",121.9580983078,62.9452054795
"2",127.7961321515,56.7264302981
"3",117.7699435939,47.4617244158
"4",101.7788074134,48.0962933118
"5",106.8553585818,60.1531023368
