id,x,y
"1",145.5006043513,6.2782030620
"2",144.9929492345,22.3962530218
"3",143.8507252216,40.7987510073
"4",143.5968976632,62.8817485898
"5",125.1943996777,75.5731265109
"6",119.7371071716,92.1988315874
"7",92.5775584206,84.2032634972
"8",80.5207493956,66.1815068493
"9",77.3479049154,50.5711120064
"10",63.5143029815,35.2145447220
"11",55.3283642224,21.8251410153
"12",78.6804995971,24.3634165995
"13",76.6498791297,4.4379532635
"14",93.7832393231,3.0419016922
"15",119.0390813860,3.8033843674
