id,x,y
"1",1.6762162005,73.5663177889
"2",9.4563200025,80.3976284443
"3",14.7695616234,88.7470081342
"3",27.1038725289,92.9216979792
"4",46.0797354605,93.1114566085
"5",61.6399430645,91.4036289447
"6",78.9079783322,87.4186977290
"7",94.4681859362,92.5421807205
"8",115.7211524196,80.9669043323
"9",129.7632909890,68.2530761681
"10",126.9169115492,52.1235926762
"11",137.7331534202,46.2410751674
"12",147.9801194033,42.0663853224
