id,x,y
"1",5.4512489927,60.2800161160
"2",5.5781627720,50.2538275584
"3",4.8166800967,33.8819500403
"4",5.0705076551,16.7485898469
"5",11.6700241741,6.2147461724
"6",31.3416599517,3.0419016922
"7",50.3787268332,5.5801772764
"8",62.1817082998,14.4641418211
"9",42.7639000806,17.1293311845
"10",49.7441579371,32.3589846898
"11",53.2977437550,45.6849315068
"12",45.5560032232,51.7767929089
"13",32.8646253022,53.8074133763
"14",16.7465753425,57.1071716358
