id,x,y
"1",11.5431103948,91.1200644641
"2",14.2082997583,79.5709105560
"3",28.2957292506,68.0217566479
"4",46.5713134569,70.5600322321
"5",57.8666398066,84.3936341660
"6",46.8251410153,89.7240128928
"7",31.5954875101,87.8203062047
