id,x,y
"1",5.2608783239,97.5292103143
"2",3.9917405318,86.6146253022
"3",8.8144641418,72.0195406930
"4",21.6327558421,61.7395245770
"5",42.9542707494,59.7089041096
"6",60.3414585012,67.5775584206
"7",63.7681305399,81.4111603546
"8",72.5251813054,91.4373489122
"9",53.9957695407,97.2753827558
"10",38.5122884770,93.3410556003
"11",27.9784448026,97.6561240935
"12",15.6678082192,98.0368654311
