"id_terreno,""id_ordem"",""st_astext""";;;;;;;
"0,0,""POINT(0 0)""";;;;;;;"INSERT INTO gps_ponto VALUES(0,0,'POINT(0 0)');"
"0,1,""POINT(191.06016115562878 3.617612210964182)""";;;;;;;"INSERT INTO gps_ponto VALUES(0,1,'POINT(191.06016115562878 3.617612210964182)');"
"0,2,""POINT(189.94224871469325 141.8661174066638)""";;;;;;;"INSERT INTO gps_ponto VALUES(0,2,'POINT(189.94224871469325 141.8661174066638)');"
"0,3,""POINT(-3.083966086849614 148.20095457196538)""";;;;;;;"INSERT INTO gps_ponto VALUES(0,3,'POINT(-3.083966086849614 148.20095457196538)');"
"0,4,""POINT(6.23197092094685 -29.9197610171031)""";;;;;;;"INSERT INTO gps_ponto VALUES(0,4,'POINT(6.23197092094685 -29.9197610171031)');"
